<?xml version="1.0" encoding="UTF-8"?>
<QuickAction xmlns="http://soap.sforce.com/2006/04/metadata">
    <optionsCreateFeedItem>true</optionsCreateFeedItem>
    <quickActionLayout>
        <layoutSectionStyle>TwoColumnsLeftToRight</layoutSectionStyle>
        <quickActionLayoutColumns>
            <quickActionLayoutItems>
                <emptySpace>false</emptySpace>
                <field>Name</field>
                <uiBehavior>Required</uiBehavior>
            </quickActionLayoutItems>
            <quickActionLayoutItems>
                <emptySpace>false</emptySpace>
                <field>Description</field>
                <uiBehavior>Edit</uiBehavior>
            </quickActionLayoutItems>
            <quickActionLayoutItems>
                <emptySpace>false</emptySpace>
                <field>CollaborationType</field>
                <uiBehavior>Required</uiBehavior>
            </quickActionLayoutItems>
        </quickActionLayoutColumns>
        <quickActionLayoutColumns/>
    </quickActionLayout>
    <standardLabel>New</standardLabel>
    <targetObject>CollaborationGroup</targetObject>
    <type>Create</type>
</QuickAction>
