<?xml version="1.0" encoding="UTF-8"?>
<Profile xmlns="http://soap.sforce.com/2006/04/metadata">
    <applicationVisibilities>
        <application>standard__AllTabSet</application>
        <default>false</default>
        <visible>true</visible>
    </applicationVisibilities>
    <applicationVisibilities>
        <application>standard__AppLauncher</application>
        <default>false</default>
        <visible>true</visible>
    </applicationVisibilities>
    <applicationVisibilities>
        <application>standard__Chatter</application>
        <default>false</default>
        <visible>true</visible>
    </applicationVisibilities>
    <applicationVisibilities>
        <application>standard__Commerce</application>
        <default>false</default>
        <visible>true</visible>
    </applicationVisibilities>
    <applicationVisibilities>
        <application>standard__Community</application>
        <default>false</default>
        <visible>false</visible>
    </applicationVisibilities>
    <applicationVisibilities>
        <application>standard__Content</application>
        <default>false</default>
        <visible>true</visible>
    </applicationVisibilities>
    <applicationVisibilities>
        <application>standard__ExpressionSetConsole</application>
        <default>false</default>
        <visible>true</visible>
    </applicationVisibilities>
    <applicationVisibilities>
        <application>standard__LightningBolt</application>
        <default>false</default>
        <visible>true</visible>
    </applicationVisibilities>
    <applicationVisibilities>
        <application>standard__LightningInstrumentation</application>
        <default>false</default>
        <visible>true</visible>
    </applicationVisibilities>
    <applicationVisibilities>
        <application>standard__LightningSales</application>
        <default>false</default>
        <visible>true</visible>
    </applicationVisibilities>
    <applicationVisibilities>
        <application>standard__LightningSalesConsole</application>
        <default>false</default>
        <visible>true</visible>
    </applicationVisibilities>
    <applicationVisibilities>
        <application>standard__LightningService</application>
        <default>false</default>
        <visible>true</visible>
    </applicationVisibilities>
    <applicationVisibilities>
        <application>standard__Marketing</application>
        <default>false</default>
        <visible>true</visible>
    </applicationVisibilities>
    <applicationVisibilities>
        <application>standard__OnlineSales</application>
        <default>false</default>
        <visible>true</visible>
    </applicationVisibilities>
    <applicationVisibilities>
        <application>standard__Platform</application>
        <default>false</default>
        <visible>false</visible>
    </applicationVisibilities>
    <applicationVisibilities>
        <application>standard__Retail</application>
        <default>false</default>
        <visible>true</visible>
    </applicationVisibilities>
    <applicationVisibilities>
        <application>standard__RetailOnBrowser</application>
        <default>false</default>
        <visible>true</visible>
    </applicationVisibilities>
    <applicationVisibilities>
        <application>standard__Sales</application>
        <default>false</default>
        <visible>true</visible>
    </applicationVisibilities>
    <applicationVisibilities>
        <application>standard__SalesforceCMS</application>
        <default>false</default>
        <visible>true</visible>
    </applicationVisibilities>
    <applicationVisibilities>
        <application>standard__Service</application>
        <default>false</default>
        <visible>true</visible>
    </applicationVisibilities>
    <applicationVisibilities>
        <application>standard__ServiceConsole</application>
        <default>false</default>
        <visible>false</visible>
    </applicationVisibilities>
    <applicationVisibilities>
        <application>standard__Sites</application>
        <default>false</default>
        <visible>true</visible>
    </applicationVisibilities>
    <custom>false</custom>
    <fieldPermissions>
        <editable>false</editable>
        <field>CustomWidget__c.Custom_Widget_Description__c</field>
        <readable>false</readable>
    </fieldPermissions>
    <fieldPermissions>
        <editable>false</editable>
        <field>CustomWidget__c.Custom_Widget_Name__c</field>
        <readable>false</readable>
    </fieldPermissions>
    <layoutAssignments>
        <layout>Account-Account Layout</layout>
    </layoutAssignments>
    <layoutAssignments>
        <layout>ActionPlan-Action Plan Layout</layout>
    </layoutAssignments>
    <layoutAssignments>
        <layout>ActionPlanItemDependency-Action Plan Item Dependency Layout</layout>
    </layoutAssignments>
    <layoutAssignments>
        <layout>ActionPlanTemplate-Action Plan Template Layout</layout>
    </layoutAssignments>
    <layoutAssignments>
        <layout>ActionPlanTemplateItem-Action Plan Template Item Layout</layout>
    </layoutAssignments>
    <layoutAssignments>
        <layout>ActionPlanTemplateItemValue-Action Plan Template Item Value Layout</layout>
    </layoutAssignments>
    <layoutAssignments>
        <layout>ActionPlanTemplateVersion-Action Plan Template Version Layout</layout>
    </layoutAssignments>
    <layoutAssignments>
        <layout>ActionPlanTmplItmAssessmentInd-Action Plan Template Item Assessment Indicator Layout</layout>
    </layoutAssignments>
    <layoutAssignments>
        <layout>ActionPlnTmplItmDependency-Action Plan Template Item Dependency Layout</layout>
    </layoutAssignments>
    <layoutAssignments>
        <layout>Address-Address Layout</layout>
    </layoutAssignments>
    <layoutAssignments>
        <layout>AlternativePaymentMethod-Alternative Payment Method Layout</layout>
    </layoutAssignments>
    <layoutAssignments>
        <layout>AssessmentIndicatorDefinition-Assessment Indicator Definition Layout</layout>
    </layoutAssignments>
    <layoutAssignments>
        <layout>AssessmentTask-Assessment Task Layout</layout>
    </layoutAssignments>
    <layoutAssignments>
        <layout>AssessmentTaskContentDocument-Assessment Task Content Document Layout</layout>
    </layoutAssignments>
    <layoutAssignments>
        <layout>AssessmentTaskDefinition-Assessment Task Definition Layout</layout>
    </layoutAssignments>
    <layoutAssignments>
        <layout>AssessmentTaskOrder-Assessment Task Order Layout</layout>
    </layoutAssignments>
    <layoutAssignments>
        <layout>Asset-Asset Layout</layout>
    </layoutAssignments>
    <layoutAssignments>
        <layout>AssetRelationship-Asset Relationship Layout</layout>
    </layoutAssignments>
    <layoutAssignments>
        <layout>AssociatedLocation-Associated Location Layout</layout>
    </layoutAssignments>
    <layoutAssignments>
        <layout>AuthorizationForm-Authorization Form Layout</layout>
    </layoutAssignments>
    <layoutAssignments>
        <layout>AuthorizationFormConsent-Authorization Form Consent Layout</layout>
    </layoutAssignments>
    <layoutAssignments>
        <layout>AuthorizationFormDataUse-Authorization Form Data Use Layout</layout>
    </layoutAssignments>
    <layoutAssignments>
        <layout>AuthorizationFormText-Authorization Form Text Layout</layout>
    </layoutAssignments>
    <layoutAssignments>
        <layout>BusinessBrand-Business Brand Layout</layout>
    </layoutAssignments>
    <layoutAssignments>
        <layout>CalcProcStepRelationship-Expression Set Step Relationship Layout</layout>
    </layoutAssignments>
    <layoutAssignments>
        <layout>CalculationMatrix-Decision Matrix Layout</layout>
    </layoutAssignments>
    <layoutAssignments>
        <layout>CalculationMatrixColumn-Decision Matrix Column Layout</layout>
    </layoutAssignments>
    <layoutAssignments>
        <layout>CalculationMatrixRow-Decision Matrix Row Layout</layout>
    </layoutAssignments>
    <layoutAssignments>
        <layout>CalculationMatrixVersion-Decision Matrix Version Layout</layout>
    </layoutAssignments>
    <layoutAssignments>
        <layout>CalculationProcedure-Calculation Procedure Layout</layout>
    </layoutAssignments>
    <layoutAssignments>
        <layout>CalculationProcedureStep-Calculation Procedure Step Layout</layout>
    </layoutAssignments>
    <layoutAssignments>
        <layout>CalculationProcedureVariable-Calculation Procedure Variable Layout</layout>
    </layoutAssignments>
    <layoutAssignments>
        <layout>CalculationProcedureVersion-Calculation Procedure Version Layout</layout>
    </layoutAssignments>
    <layoutAssignments>
        <layout>Campaign-Campaign Layout</layout>
    </layoutAssignments>
    <layoutAssignments>
        <layout>CampaignMember-Campaign Member Page Layout</layout>
    </layoutAssignments>
    <layoutAssignments>
        <layout>CardPaymentMethod-Card Payment Method Layout</layout>
    </layoutAssignments>
    <layoutAssignments>
        <layout>Case-Case Layout</layout>
    </layoutAssignments>
    <layoutAssignments>
        <layout>CaseClose-Close Case Layout</layout>
    </layoutAssignments>
    <layoutAssignments>
        <layout>CaseMilestone-Case Milestone Layout</layout>
    </layoutAssignments>
    <layoutAssignments>
        <layout>CommunityMemberLayout-Community Member Layout</layout>
    </layoutAssignments>
    <layoutAssignments>
        <layout>ConsumptionRate-Consumption Rate Layout</layout>
    </layoutAssignments>
    <layoutAssignments>
        <layout>ConsumptionSchedule-Consumption Schedule Layout</layout>
    </layoutAssignments>
    <layoutAssignments>
        <layout>Contact-Contact Layout</layout>
    </layoutAssignments>
    <layoutAssignments>
        <layout>ContactPointAddress-Contact Point Address Layout</layout>
    </layoutAssignments>
    <layoutAssignments>
        <layout>ContactPointEmail-Contact Point Email Layout</layout>
    </layoutAssignments>
    <layoutAssignments>
        <layout>ContactPointPhone-Contact Point Phone Layout</layout>
    </layoutAssignments>
    <layoutAssignments>
        <layout>ContactPointTypeConsent-Contact Point Type Consent Layout</layout>
    </layoutAssignments>
    <layoutAssignments>
        <layout>ContentVersion-Content Version Layout</layout>
    </layoutAssignments>
    <layoutAssignments>
        <layout>Contract-Contract Layout</layout>
    </layoutAssignments>
    <layoutAssignments>
        <layout>ContractLineItem-Contract Line Item Layout</layout>
    </layoutAssignments>
    <layoutAssignments>
        <layout>Crisis-Crisis Layout</layout>
    </layoutAssignments>
    <layoutAssignments>
        <layout>CustomWidget__c-CustomWidget Layout</layout>
    </layoutAssignments>
    <layoutAssignments>
        <layout>Customer-Customer Layout</layout>
    </layoutAssignments>
    <layoutAssignments>
        <layout>DataUseLegalBasis-Data Use Legal Basis Layout</layout>
    </layoutAssignments>
    <layoutAssignments>
        <layout>DataUsePurpose-Data Use Purpose Layout</layout>
    </layoutAssignments>
    <layoutAssignments>
        <layout>DeliveryTask-Delivery Task Layout</layout>
    </layoutAssignments>
    <layoutAssignments>
        <layout>DigitalWallet-Digital Wallet Layout</layout>
    </layoutAssignments>
    <layoutAssignments>
        <layout>DocumentChecklistItem-Document Checklist Item Layout</layout>
    </layoutAssignments>
    <layoutAssignments>
        <layout>DocumentType-Document Type Layout</layout>
    </layoutAssignments>
    <layoutAssignments>
        <layout>DuplicateRecordSet-Duplicate Record Set Layout</layout>
    </layoutAssignments>
    <layoutAssignments>
        <layout>EmailMessage-Email Message Layout</layout>
    </layoutAssignments>
    <layoutAssignments>
        <layout>EmpUserProvisionProcessErr-Employee User Provisioning Process Error Layout</layout>
    </layoutAssignments>
    <layoutAssignments>
        <layout>EmpUserProvisioningProcess-Employee User Provisioning Process Layout</layout>
    </layoutAssignments>
    <layoutAssignments>
        <layout>Employee-Employee Layout</layout>
    </layoutAssignments>
    <layoutAssignments>
        <layout>EmployeeCrisisAssessment-Employee Crisis Assessment Layout</layout>
    </layoutAssignments>
    <layoutAssignments>
        <layout>Entitlement-Entitlement Layout</layout>
    </layoutAssignments>
    <layoutAssignments>
        <layout>EntityMilestone-Object Milestone Layout</layout>
    </layoutAssignments>
    <layoutAssignments>
        <layout>Event-Event Layout</layout>
    </layoutAssignments>
    <layoutAssignments>
        <layout>ExpressionSet-Expression Set Layout</layout>
    </layoutAssignments>
    <layoutAssignments>
        <layout>ExpressionSetVersion-Expression Set Version Layout</layout>
    </layoutAssignments>
    <layoutAssignments>
        <layout>FeedItem-Feed Item Layout</layout>
    </layoutAssignments>
    <layoutAssignments>
        <layout>Global-Global Layout</layout>
    </layoutAssignments>
    <layoutAssignments>
        <layout>Idea-Idea Layout</layout>
    </layoutAssignments>
    <layoutAssignments>
        <layout>Individual-Individual Layout</layout>
    </layoutAssignments>
    <layoutAssignments>
        <layout>InternalOrganizationUnit-Internal Organization Unit Layout</layout>
    </layoutAssignments>
    <layoutAssignments>
        <layout>Lead-Lead Layout</layout>
    </layoutAssignments>
    <layoutAssignments>
        <layout>Location-Location Layout</layout>
    </layoutAssignments>
    <layoutAssignments>
        <layout>Macro-Macro Layout</layout>
    </layoutAssignments>
    <layoutAssignments>
        <layout>Opportunity-Opportunity Layout</layout>
    </layoutAssignments>
    <layoutAssignments>
        <layout>OpportunityLineItem-Opportunity Product Layout</layout>
    </layoutAssignments>
    <layoutAssignments>
        <layout>Order-Order Layout</layout>
    </layoutAssignments>
    <layoutAssignments>
        <layout>OrderItem-Order Product Layout</layout>
    </layoutAssignments>
    <layoutAssignments>
        <layout>OtherComponentTask-Other Component Task Layout</layout>
    </layoutAssignments>
    <layoutAssignments>
        <layout>Payment-Payment Layout</layout>
    </layoutAssignments>
    <layoutAssignments>
        <layout>PaymentAuthAdjustment-Payment Authorization Adjustment Layout</layout>
    </layoutAssignments>
    <layoutAssignments>
        <layout>PaymentAuthorization-Payment Authorization Layout</layout>
    </layoutAssignments>
    <layoutAssignments>
        <layout>PaymentGateway-Payment Gateway Layout</layout>
    </layoutAssignments>
    <layoutAssignments>
        <layout>PaymentGatewayLog-Payment Gateway Log Layout</layout>
    </layoutAssignments>
    <layoutAssignments>
        <layout>PaymentGroup-Payment Group Layout</layout>
    </layoutAssignments>
    <layoutAssignments>
        <layout>Pricebook2-Price Book Layout</layout>
    </layoutAssignments>
    <layoutAssignments>
        <layout>PricebookEntry-Price Book Entry</layout>
    </layoutAssignments>
    <layoutAssignments>
        <layout>ProcessException-Process Exception Layout</layout>
    </layoutAssignments>
    <layoutAssignments>
        <layout>Product2-Product Layout</layout>
    </layoutAssignments>
    <layoutAssignments>
        <layout>ProductConsumptionSchedule-Product Consumption Schedule Layout</layout>
    </layoutAssignments>
    <layoutAssignments>
        <layout>ProductTransfer-Product Transfer Layout</layout>
    </layoutAssignments>
    <layoutAssignments>
        <layout>ProfileSkill-Skill Layout</layout>
    </layoutAssignments>
    <layoutAssignments>
        <layout>ProfileSkillEndorsement-Endorsement Layout</layout>
    </layoutAssignments>
    <layoutAssignments>
        <layout>ProfileSkillUser-Skill User Layout</layout>
    </layoutAssignments>
    <layoutAssignments>
        <layout>QuickText-Quick Text Layout</layout>
    </layoutAssignments>
    <layoutAssignments>
        <layout>ReceivedDocument-Received Document Layout</layout>
    </layoutAssignments>
    <layoutAssignments>
        <layout>ReceivedDocumentType-Received Document Type Layout</layout>
    </layoutAssignments>
    <layoutAssignments>
        <layout>RecurrenceSchedule-Recurrence Schedule Layout</layout>
    </layoutAssignments>
    <layoutAssignments>
        <layout>Refund-Refund Layout</layout>
    </layoutAssignments>
    <layoutAssignments>
        <layout>RefundLinePayment-Refund Line Payment Layout</layout>
    </layoutAssignments>
    <layoutAssignments>
        <layout>SOSSession-SOS Session Layout</layout>
    </layoutAssignments>
    <layoutAssignments>
        <layout>SOSSessionActivity-SOS Session Activity Layout</layout>
    </layoutAssignments>
    <layoutAssignments>
        <layout>Scorecard-Scorecard Layout</layout>
    </layoutAssignments>
    <layoutAssignments>
        <layout>ScorecardAssociation-Scorecard Association Layout</layout>
    </layoutAssignments>
    <layoutAssignments>
        <layout>ScorecardMetric-Scorecard Metric Layout</layout>
    </layoutAssignments>
    <layoutAssignments>
        <layout>Seller-Seller Layout</layout>
    </layoutAssignments>
    <layoutAssignments>
        <layout>ServiceContract-Service Contract Layout</layout>
    </layoutAssignments>
    <layoutAssignments>
        <layout>SetupAssttRuntimeSt-%5F%5FMISSING LABEL%5F%5F PropertyFile - val SetupAssttRuntimeSt not found in section StandardLayouts</layout>
    </layoutAssignments>
    <layoutAssignments>
        <layout>Shipment-Shipment Layout</layout>
    </layoutAssignments>
    <layoutAssignments>
        <layout>SignatureTask-Signature Task Layout</layout>
    </layoutAssignments>
    <layoutAssignments>
        <layout>SignatureTaskLineItem-Signature Task Line Item Layout</layout>
    </layoutAssignments>
    <layoutAssignments>
        <layout>SocialPersona-Social Persona Layout</layout>
    </layoutAssignments>
    <layoutAssignments>
        <layout>SocialPost-Social Post Layout</layout>
    </layoutAssignments>
    <layoutAssignments>
        <layout>Solution-Solution Layout</layout>
    </layoutAssignments>
    <layoutAssignments>
        <layout>Task-Task Layout</layout>
    </layoutAssignments>
    <layoutAssignments>
        <layout>User-User Layout</layout>
    </layoutAssignments>
    <layoutAssignments>
        <layout>UserAlt-User Profile Layout</layout>
    </layoutAssignments>
    <layoutAssignments>
        <layout>UserProvAccount-User Provisioning Account Layout</layout>
    </layoutAssignments>
    <layoutAssignments>
        <layout>UserProvisioningLog-User Provisioning Log Layout</layout>
    </layoutAssignments>
    <layoutAssignments>
        <layout>UserProvisioningRequest-User Provisioning Request Layout</layout>
    </layoutAssignments>
    <layoutAssignments>
        <layout>VehicleUserAssignment-Vehicle User Assignment Layout</layout>
    </layoutAssignments>
    <layoutAssignments>
        <layout>Visit-Visit Layout</layout>
    </layoutAssignments>
    <layoutAssignments>
        <layout>VisitedParty-Visited Party Layout</layout>
    </layoutAssignments>
    <layoutAssignments>
        <layout>Visitor-Visitor Layout</layout>
    </layoutAssignments>
    <layoutAssignments>
        <layout>WorkAccess-Access Layout</layout>
    </layoutAssignments>
    <layoutAssignments>
        <layout>WorkBadge-Badge Received Layout</layout>
    </layoutAssignments>
    <layoutAssignments>
        <layout>WorkBadgeDefinition-Badge Layout</layout>
    </layoutAssignments>
    <layoutAssignments>
        <layout>WorkOrder-Work Order Layout</layout>
    </layoutAssignments>
    <layoutAssignments>
        <layout>WorkOrderLineItem-Work Order Line Item Layout</layout>
    </layoutAssignments>
    <layoutAssignments>
        <layout>WorkPlan-Work Plan Layout</layout>
    </layoutAssignments>
    <layoutAssignments>
        <layout>WorkPlanTemplate-Work Plan Template Layout</layout>
    </layoutAssignments>
    <layoutAssignments>
        <layout>WorkPlanTemplateEntry-Work Plan Template Entry Layout</layout>
    </layoutAssignments>
    <layoutAssignments>
        <layout>WorkStep-Work Step Layout</layout>
    </layoutAssignments>
    <layoutAssignments>
        <layout>WorkStepTemplate-Work Step Template Layout</layout>
    </layoutAssignments>
    <layoutAssignments>
        <layout>WorkThanks-Thanks Layout</layout>
    </layoutAssignments>
    <userLicense>Customer Community</userLicense>
    <userPermissions>
        <enabled>true</enabled>
        <name>ActivitiesAccess</name>
    </userPermissions>
    <userPermissions>
        <enabled>true</enabled>
        <name>AddDirectMessageMembers</name>
    </userPermissions>
    <userPermissions>
        <enabled>true</enabled>
        <name>AllowUniversalSearch</name>
    </userPermissions>
    <userPermissions>
        <enabled>true</enabled>
        <name>AssignTopics</name>
    </userPermissions>
    <userPermissions>
        <enabled>true</enabled>
        <name>ChatterOwnGroups</name>
    </userPermissions>
    <userPermissions>
        <enabled>true</enabled>
        <name>CreateTopics</name>
    </userPermissions>
    <userPermissions>
        <enabled>true</enabled>
        <name>EnableCommunityAppLauncher</name>
    </userPermissions>
    <userPermissions>
        <enabled>true</enabled>
        <name>EnableNotifications</name>
    </userPermissions>
    <userPermissions>
        <enabled>true</enabled>
        <name>RemoveDirectMessageMembers</name>
    </userPermissions>
    <userPermissions>
        <enabled>true</enabled>
        <name>RunFlow</name>
    </userPermissions>
    <userPermissions>
        <enabled>true</enabled>
        <name>SelectFilesFromSalesforce</name>
    </userPermissions>
    <userPermissions>
        <enabled>true</enabled>
        <name>ShowCompanyNameAsUserBadge</name>
    </userPermissions>
    <userPermissions>
        <enabled>true</enabled>
        <name>UseWebLink</name>
    </userPermissions>
    <userPermissions>
        <enabled>true</enabled>
        <name>WorkDotComUserPerm</name>
    </userPermissions>
</Profile>
