<?xml version="1.0" encoding="UTF-8"?>
<EventSettings xmlns="http://soap.sforce.com/2006/04/metadata" xmlns:xsi="http://www.w3.org/2001/XMLSchema-instance">
    <enableDeleteMonitoringData>false</enableDeleteMonitoringData>
    <enableDynamicStreamingChannel>false</enableDynamicStreamingChannel>
    <enableEventLogGeneration>false</enableEventLogGeneration>
    <enableEventLogWaveIntegration>false</enableEventLogWaveIntegration>
    <enableStreamingApi>true</enableStreamingApi>
    <enableTerminateOldestSession xsi:nil="true"/>
</EventSettings>
