<?xml version="1.0" encoding="UTF-8"?>
<MyDomainSettings xmlns="http://soap.sforce.com/2006/04/metadata">
    <canOnlyLoginWithMyDomainUrl>false</canOnlyLoginWithMyDomainUrl>
    <doesApiLoginRequireOrgDomain>false</doesApiLoginRequireOrgDomain>
    <domainPartition>none</domainPartition>
    <enableNativeBrowserForAuthOnAndroid>false</enableNativeBrowserForAuthOnAndroid>
    <enableNativeBrowserForAuthOnIos>false</enableNativeBrowserForAuthOnIos>
    <enableShareBrowserSessionAndroidForAuth>false</enableShareBrowserSessionAndroidForAuth>
    <enableShareBrowserSessionIOSForAuth>false</enableShareBrowserSessionIOSForAuth>
    <logRedirections>false</logRedirections>
    <myDomainName>cgidreamfrcecli</myDomainName>
    <myDomainSuffix>MySalesforce</myDomainSuffix>
    <redirectForceComSiteUrls>true</redirectForceComSiteUrls>
    <redirectPriorMyDomain>true</redirectPriorMyDomain>
    <use3rdPartyCookieBlockingCompatibleHostnames>true</use3rdPartyCookieBlockingCompatibleHostnames>
    <useEdge>false</useEdge>
    <useEnhancedDomainsInSandbox>true</useEnhancedDomainsInSandbox>
    <useStabilizedMyDomainHostnames>true</useStabilizedMyDomainHostnames>
    <useStabilizedSandboxMyDomainHostnames>true</useStabilizedSandboxMyDomainHostnames>
</MyDomainSettings>
