<?xml version="1.0" encoding="UTF-8"?>
<ConnectedApp xmlns="http://soap.sforce.com/2006/04/metadata">
    <contactEmail>josh.bambrick@cgi.com</contactEmail>
    <label>GitHub Actions</label>
    <oauthConfig>
        <callbackUrl>https://login.salesforce.com/services/oauth2/success</callbackUrl>
        <consumerKey>3MVG9Rr0EZ2YOVMYjCwmo9ccjjcyx6e7nDd5y0b7rQbhnbkCztwJWWniztCJM6HI0ldK_ZbLEqvzcCycOnW4D</consumerKey>
        <isAdminApproved>true</isAdminApproved>
        <isClientCredentialEnabled>false</isClientCredentialEnabled>
        <isCodeCredentialEnabled>false</isCodeCredentialEnabled>
        <isCodeCredentialPostOnly>false</isCodeCredentialPostOnly>
        <isConsumerSecretOptional>false</isConsumerSecretOptional>
        <isIntrospectAllTokens>false</isIntrospectAllTokens>
        <isSecretRequiredForRefreshToken>true</isSecretRequiredForRefreshToken>
        <scopes>Full</scopes>
    </oauthConfig>
    <oauthPolicy>
        <ipRelaxation>ENFORCE</ipRelaxation>
        <refreshTokenPolicy>infinite</refreshTokenPolicy>
    </oauthPolicy>
</ConnectedApp>
